﻿<?xml version="1.0" encoding="utf-8"?>
<Deployment xmlns="http://schemas.microsoft.com/windowsphone/2009/deployment" AppPlatformVersion="7.1">
  <App xmlns="" ProductID="{71fe67cf-4aa4-442f-9e11-d8110849c2ba}" Title="CloudClientOnWindowsPhone" RuntimeType="Silverlight" Version="1.0.0.0" Genre="apps.normal" Author="CloudClientOnWindowsPhone author" Description="Sample description" Publisher="CloudClientOnWindowsPhone">
    <IconPath IsRelative="true" IsResource="false">ApplicationIcon.png</IconPath>
    <Capabilities>
      <Capability Name="ID_CAP_NETWORKING" />
      <Capability Name="ID_CAP_LOCATION" />
      <Capability Name="ID_CAP_SENSORS" />
      <Capability Name="ID_CAP_MICROPHONE" />
      <Capability Name="ID_CAP_MEDIALIB" />
      <Capability Name="ID_CAP_GAMERSERVICES" />
      <Capability Name="ID_CAP_PHONEDIALER" />
      <Capability Name="ID_CAP_PUSH_NOTIFICATION" />
      <Capability Name="ID_CAP_WEBBROWSERCOMPONENT" />
    </Capabilities>
    <Tasks>
      <DefaultTask Name="_default" NavigationPage="MainPage.xaml" />
    </Tasks>
    <Tokens>
      <PrimaryToken TokenID="CloudClientOnWindowsPhoneToken" TaskName="_default">
        <TemplateType5>
          <BackgroundImageURI IsRelative="true" IsResource="false">Background.png</BackgroundImageURI>
          <Count>0</Count>
          <Title>CloudClientOnWindowsPhone</Title>
        </TemplateType5>
      </PrimaryToken>
    </Tokens>
  </App>
</Deployment>