﻿<?xml version="1.0" encoding="utf-8"?>

<Deployment xmlns="http://schemas.microsoft.com/windowsphone/2009/deployment" AppPlatformVersion="7.1">
  <App xmlns="" ProductID="{f8840461-ddae-4f01-8dc9-26d912d56f73}" Title="Model Viewer" RuntimeType="Silverlight" Version="1.0.0.0" Genre="apps.normal"  Author="ModelViewer author" Description="Sample description" Publisher="ModelViewer">
    <IconPath IsRelative="true" IsResource="false">ApplicationIcon.jpg</IconPath>
    <Capabilities>
      <Capability Name="ID_CAP_NETWORKING"/>
    </Capabilities>
    <Tasks>
      <DefaultTask  Name ="_default" NavigationPage="MainPage.xaml"/>
    </Tasks>
    <Tokens>
      <PrimaryToken TokenID="ModelViewerToken" TaskName="_default">
        <TemplateType5>
          <BackgroundImageURI IsRelative="true" IsResource="false">Background.jpg</BackgroundImageURI>
          <Count>0</Count>
          <Title>Model Viewer</Title>
        </TemplateType5>
      </PrimaryToken>
    </Tokens>
  </App>
</Deployment>
