﻿<?xml version="1.0" encoding="utf-8" ?>
<Deployment xmlns="http://schemas.microsoft.com/windowsphone/2009/deployment" AppPlatformVersion="7.0">
  <App xmlns="" ProductID="{dc06b39f-ea3e-41ab-aafe-c01cdad8b71f}" Title="InputToyWP7" RuntimeType="XNA" Version="1.0.0.0" Genre="Apps.Games" Author="" Description="" Publisher="">
    <IconPath IsRelative="true" IsResource="false">GameThumbnail.png</IconPath>
    <Capabilities />
    <Tasks>
      <DefaultTask Name="_default"/>
    </Tasks>
    <Tokens>
      <PrimaryToken TokenID="InputToyWP7Token" TaskName="_default">
        <TemplateType5>
          <BackgroundImageURI IsRelative="true" IsResource="false">GameThumbnail.png</BackgroundImageURI>
          <Count>0</Count>
          <Title>InputToyWP7</Title>
        </TemplateType5>
      </PrimaryToken>
    </Tokens>
  </App>
</Deployment>

